{
  "project_info": {
    "project_number": "351177602931",
    "project_id": "gdsv-a92f3",
    "storage_bucket": "gdsv-a92f3.appspot.com"
  },
  "client": [
    {
      "client_info": {
        "mobilesdk_app_id": "1:351177602931:android:80897e714495e41eed7706",
        "android_client_info": {
          "package_name": "com.flutterflow.fluttermet"
        }
      },
      "oauth_client": [],
      "api_key": [
        {
          "current_key": "AIzaSyBdo-FdnDWdTHYmQs-a8o3eUo00Ez45KaY"
        }
      ],
      "services": {
        "appinvite_service": {
          "other_platform_oauth_client": []
        }
      }
    }
  ],
  "configuration_version": "1"
}